{
  "name": "angular-csv-import",
  "version": "0.0.36",
  "main": "dist/angular-csv-import.js",
  "license": "MIT",
  "authors": [
    "Bahaaldine AZARMI <bahaaldine@gmail.com>"
  ],
  "homepage": "https://github.com/cybadave/angular-csv-import",
  "description": "angular component let's you import a CSV file",
  "keywords": [
    "angular",
    "csv",
    "import"
  ],
  "ignore": [
    "source",
    "spec",
    ".bowerrc",
    ".gitignore",
    ".jshintignore",
    ".jshintrc",
    "bower.json",
    "gruntfile.js",
    "package.json",
    "README.md"
  ],
  "dependencies": {},
  "devDependencies": {},
  "_release": "0.0.36",
  "_resolution": {
    "type": "version",
    "tag": "v0.0.36",
    "commit": "a3797d5a3a623960c70f4446d7d1c7ea1be9272a"
  },
  "_source": "https://github.com/bahaaldine/angular-csv-import.git",
  "_target": "^0.0.36",
  "_originalSource": "angular-csv-import",
  "_direct": true
}