{
  "name": "angularMultipleSelect",
  "version": "1.1.1",
  "main": [
    "build/multiple-select.min.js",
    "build/multiple-select.min.css"
  ],
  "authors": [
    "jagdeep91 <singh.jagdep91@gmail.com>"
  ],
  "description": "A complete Angularjs directive for multiple selection with suggestion list, like skills, locations etc.",
  "moduleType": [
    "node"
  ],
  "repository": {
    "type": "git",
    "url": "git://github.com/jagdeepsingh91/angularMultipleSelect.git"
  },
  "keywords": [
    "multiple",
    "select",
    "autocomplete",
    "field",
    "angular",
    "multi",
    "choose",
    "field"
  ],
  "license": "MIT",
  "ignore": [
    "**/.*",
    "node_modules",
    "bower_components",
    "test",
    "tests"
  ],
  "dependencies": {
    "bootstrap": "~3.3.6",
    "angular": "~1.4.9"
  },
  "homepage": "https://github.com/jagdeepsingh91/angularMultipleSelect",
  "_release": "1.1.1",
  "_resolution": {
    "type": "version",
    "tag": "v1.1.1",
    "commit": "c8ed3ddd8d37f5c472f4d35ac773254fe57b786a"
  },
  "_source": "https://github.com/jagdeepsingh91/angularMultipleSelect.git",
  "_target": "*",
  "_originalSource": "angular-multiple-select"
}