{
  "name": "angular-mocks",
  "version": "1.4.12",
  "license": "MIT",
  "main": "./angular-mocks.js",
  "ignore": [],
  "dependencies": {
    "angular": "1.4.12"
  },
  "homepage": "https://github.com/angular/bower-angular-mocks",
  "_release": "1.4.12",
  "_resolution": {
    "type": "version",
    "tag": "v1.4.12",
    "commit": "d288302d2b468eaa0278cececd5120f6e33c9790"
  },
  "_source": "https://github.com/angular/bower-angular-mocks.git",
  "_target": "~1.4.0",
  "_originalSource": "angular-mocks"
}