{
  "name": "angularjs-datepicker",
  "version": "2.1.6",
  "description": "A datepicker directive for angularjs.",
  "authors": [
    "Filippo Oretti <filippo.oretti@gmail.com",
    "Dario Andrei <wouldgo84@gmail.com>"
  ],
  "keywords": [
    "date",
    "datepicker",
    "input",
    "angularjs",
    "angular",
    "input"
  ],
  "main": [
    "./dist/angular-datepicker.min.css",
    "./dist/angular-datepicker.min.js",
    "./dist/angular-datepicker.sourcemap.map"
  ],
  "license": "MIT",
  "homepage": "http://720kb.github.io/angular-datepicker",
  "ignore": [
    "**/.*",
    "node_modules",
    "bower_components",
    "test",
    "tests"
  ],
  "_release": "2.1.6",
  "_resolution": {
    "type": "version",
    "tag": "2.1.6",
    "commit": "7c602a9fe579d03d05448614dbe970733f231206"
  },
  "_source": "https://github.com/720kb/angular-datepicker.git",
  "_target": "*",
  "_originalSource": "angularjs-datepicker"
}