{
  "name": "angular-cookies",
  "version": "1.5.8",
  "license": "MIT",
  "main": "./angular-cookies.js",
  "ignore": [],
  "dependencies": {
    "angular": "1.5.8"
  },
  "homepage": "https://github.com/angular/bower-angular-cookies",
  "_release": "1.5.8",
  "_resolution": {
    "type": "version",
    "tag": "v1.5.8",
    "commit": "a2247a1efb436f0293289fb74ebd76fbe52a7422"
  },
  "_source": "https://github.com/angular/bower-angular-cookies.git",
  "_target": "~1.5.0",
  "_originalSource": "angular-cookies"
}