{
  "name": "angular-aria",
  "version": "1.5.8",
  "license": "MIT",
  "main": "./angular-aria.js",
  "ignore": [],
  "dependencies": {
    "angular": "1.5.8"
  },
  "homepage": "https://github.com/angular/bower-angular-aria",
  "_release": "1.5.8",
  "_resolution": {
    "type": "version",
    "tag": "v1.5.8",
    "commit": "91710f3ee26d4e2858af0c91ec462aa43360da47"
  },
  "_source": "https://github.com/angular/bower-angular-aria.git",
  "_target": "^1.4.8",
  "_originalSource": "angular-aria"
}