{
  "name": "angular-loader",
  "version": "1.4.12",
  "license": "MIT",
  "main": "./angular-loader.js",
  "ignore": [],
  "dependencies": {
    "angular": "1.4.12"
  },
  "homepage": "https://github.com/angular/bower-angular-loader",
  "_release": "1.4.12",
  "_resolution": {
    "type": "version",
    "tag": "v1.4.12",
    "commit": "2489d62ff21494973f307f38db0eb3e386689cc1"
  },
  "_source": "https://github.com/angular/bower-angular-loader.git",
  "_target": "~1.4.0",
  "_originalSource": "angular-loader"
}