{
  "name": "angular-filter",
  "main": "dist/angular-filter.js",
  "description": "Bunch of useful filters for angularJS(with no external dependencies!)",
  "license": "MIT",
  "repository": {
    "type": "git",
    "url": "https://github.com/a8m/angular-filter.git"
  },
  "dependencies": {
    "angular": "*"
  },
  "devDependencies": {
    "angular-mocks": "1.4.3"
  },
  "ignore": [
    "node_modules",
    "bower_components",
    "package.json",
    "lib",
    "test",
    "src",
    "Gruntfile.js",
    ".gitignore",
    "README.md",
    "travis.yml",
    ".bowercc"
  ],
  "homepage": "https://github.com/a8m/angular-filter",
  "version": "0.5.9",
  "_release": "0.5.9",
  "_resolution": {
    "type": "version",
    "tag": "v0.5.9",
    "commit": "f46dff8e8c5d889e8972cd3d25332a3ea5f2dbfa"
  },
  "_source": "https://github.com/a8m/angular-filter.git",
  "_target": "^0.5.8",
  "_originalSource": "angular-filter"
}